<?xml version="1.0" encoding="UTF-8"?>
<Configuration status="WARN">
    <Properties>
        <Property name="log-path">/data/logs/electronic-payments-api</Property>
    </Properties>
    <Appenders>
        <Routing name="RoutingAppender">
            <Routes pattern="$${ctx:ROUTINGKEY}">

                <!-- This route is chosen if ThreadContext has value 'special' for key ROUTINGKEY. -->
                <Route key="splunk">
                    <RollingFile name="Rolling-${ctx:ROUTINGKEY}"
                                 fileName="${log-path}/splunk/publications-${ctx:ROUTINGKEY}.log"
                                 filePattern="${log-path}/splunk/application-${ctx:ROUTINGKEY}-%d{yyyy-MM-dd}.log">
                        <PatternLayout>
                            <pattern>%d{yyyy-MM-dd HH:mm:ss.SSS} | %m%n</pattern>
                        </PatternLayout>
                        <Policies>
                            <TimeBasedTriggeringPolicy interval="1" modulate="true"/>
                        </Policies>
                    </RollingFile>
                </Route>

                <!-- This route is chosen if ThreadContext has no value for key ROUTINGKEY. -->
                <Route key="$${ctx:ROUTINGKEY}">
                    <RollingFile name="Rolling-default" fileName="${log-path}/default/application.log"
                                 filePattern="${log-path}/default/publications-%d{yyyy-MM-dd}.log">
                        <PatternLayout>
                            <pattern>%d{yyyy-MM-dd HH:mm:ss} %-5p %C{1}:%L --> %m%n</pattern>
                        </PatternLayout>
                        <Policies>
                            <TimeBasedTriggeringPolicy interval="1" modulate="true"/>
                        </Policies>
                    </RollingFile>
                </Route>

            </Routes>
        </Routing>

    </Appenders>
    <Loggers>
        <Logger name="com.econetwireless" level="info" additivity="false">
            <AppenderRef ref="RoutingAppender" level="info"/>
        </Logger>

    </Loggers>
</Configuration>
